<coding_rules profile_name="Coursera" version="1.0" is_locked="false">
  <coding_rule class="BestPracticesAbstractClassWithoutAbstractMethod" level="MAJOR" enabled="false" />
  <coding_rule class="BestPracticesAccessorClassGeneration" level="MAJOR" enabled="false" />
  <coding_rule class="BestPracticesAccessorMethodGeneration" level="MAJOR" enabled="false" />
  <coding_rule class="BestPracticesArrayIsStoredDirectly" level="CRITICAL" enabled="false" />
  <coding_rule class="BestPracticesAvoidPrintStackTrace" level="MAJOR" enabled="false" />
  <coding_rule class="BestPracticesAvoidReassigningParameters" level="MAJOR" enabled="false" />
  <coding_rule class="BestPracticesAvoidStringBufferField" level="MAJOR" enabled="false" />
  <coding_rule class="BestPracticesAvoidUsingHardCodedIP" level="MAJOR" enabled="false" />
  <coding_rule class="BestPracticesCheckResultSet" level="MAJOR" enabled="false" />
  <coding_rule class="BestPracticesConstantsInInterface" level="MAJOR" enabled="false" />
  <coding_rule class="BestPracticesDefaultLabelNotLastInSwitchStmt" level="MAJOR" enabled="false" />
  <coding_rule class="BestPracticesDontNestJsfInJstlIteration" level="MAJOR" enabled="false" />
  <coding_rule class="BestPracticesForLoopCanBeForeach" level="MAJOR" enabled="false" />
  <coding_rule class="BestPracticesGuardDebugLogging" level="MAJOR" enabled="false" />
  <coding_rule class="BestPracticesGuardLogStatement" level="MAJOR" enabled="false" />
  <coding_rule class="BestPracticesGuardLogStatementJavaUtil" level="MAJOR" enabled="false" />
  <coding_rule class="BestPracticesJUnit4SuitesShouldUseSuiteAnnotation" level="MAJOR" enabled="false" />
  <coding_rule class="BestPracticesJUnit4TestShouldUseAfterAnnotation" level="MAJOR" enabled="false" />
  <coding_rule class="BestPracticesJUnit4TestShouldUseBeforeAnnotation" level="MAJOR" enabled="false" />
  <coding_rule class="BestPracticesJUnit4TestShouldUseTestAnnotation" level="MAJOR" enabled="false" />
  <coding_rule class="BestPracticesJUnitAssertionsShouldIncludeMessage" level="MAJOR" enabled="false" />
  <coding_rule class="BestPracticesJUnitTestContainsTooManyAsserts" level="MAJOR" enabled="false" />
  <coding_rule class="BestPracticesJUnitTestsShouldIncludeAssert" level="MAJOR" enabled="false" />
  <coding_rule class="BestPracticesJUnitUseExpected" level="MAJOR" enabled="false" />
  <coding_rule class="BestPracticesLooseCoupling" level="MAJOR" enabled="false" />
  <coding_rule class="BestPracticesMethodReturnsInternalArray" level="MAJOR" enabled="true" />
  <coding_rule class="BestPracticesNoClassAttribute" level="MAJOR" enabled="false" />
  <coding_rule class="BestPracticesNoHtmlComments" level="MAJOR" enabled="false" />
  <coding_rule class="BestPracticesNoJspForward" level="MAJOR" enabled="false" />
  <coding_rule class="BestPracticesOneDeclarationPerLine" level="MAJOR" enabled="false" />
  <coding_rule class="BestPracticesPositionLiteralsFirstInCaseInsensitiveComparisons" level="MAJOR" enabled="false" />
  <coding_rule class="BestPracticesPositionLiteralsFirstInComparisons" level="MAJOR" enabled="false" />
  <coding_rule class="BestPracticesPreserveStackTrace" level="MAJOR" enabled="false" />
  <coding_rule class="BestPracticesReplaceEnumerationWithIterator" level="MAJOR" enabled="false" />
  <coding_rule class="BestPracticesReplaceHashtableWithMap" level="MAJOR" enabled="false" />
  <coding_rule class="BestPracticesReplaceVectorWithList" level="MAJOR" enabled="false" />
  <coding_rule class="BestPracticesSwitchStmtsShouldHaveDefault" level="MAJOR" enabled="false" />
  <coding_rule class="BestPracticesSystemPrintln" level="MAJOR" enabled="false" />
  <coding_rule class="BestPracticesUnusedFormalParameter" level="MAJOR" enabled="true">
    <param name="checkAll" value="false" />
  </coding_rule>
  <coding_rule class="BestPracticesUnusedImports" level="INFO" enabled="false" />
  <coding_rule class="BestPracticesUnusedLocalVariable" level="MAJOR" enabled="true" />
  <coding_rule class="BestPracticesUnusedPrivateField" level="MAJOR" enabled="true" />
  <coding_rule class="BestPracticesUnusedPrivateMethod" level="MAJOR" enabled="true" />
  <coding_rule class="BestPracticesUseAssertEqualsInsteadOfAssertTrue" level="MAJOR" enabled="false" />
  <coding_rule class="BestPracticesUseAssertNullInsteadOfAssertTrue" level="MAJOR" enabled="false" />
  <coding_rule class="BestPracticesUseAssertSameInsteadOfAssertTrue" level="MAJOR" enabled="false" />
  <coding_rule class="BestPracticesUseAssertTrueInsteadOfAssertEquals" level="MAJOR" enabled="false" />
  <coding_rule class="BestPracticesUseCollectionIsEmpty" level="MAJOR" enabled="true" />
  <coding_rule class="BestPracticesUseVarargs" level="MAJOR" enabled="false" />
  <coding_rule class="CodeStyleAbstractNaming" level="MAJOR" enabled="false" />
  <coding_rule class="CodeStyleAtLeastOneConstructor" level="MAJOR" enabled="false" />
  <coding_rule class="CodeStyleAvoidDollarSigns" level="MINOR" enabled="false" />
  <coding_rule class="CodeStyleAvoidFinalLocalVariable" level="MAJOR" enabled="false" />
  <coding_rule class="CodeStyleAvoidPrefixingMethodParameters" level="MAJOR" enabled="false" />
  <coding_rule class="CodeStyleAvoidProtectedFieldInFinalClass" level="MAJOR" enabled="false" />
  <coding_rule class="CodeStyleAvoidProtectedMethodInFinalClassNotExtending" level="MAJOR" enabled="false" />
  <coding_rule class="CodeStyleAvoidUsingNativeCode" level="MAJOR" enabled="false" />
  <coding_rule class="CodeStyleBooleanGetMethodName" level="MAJOR" enabled="false" />
  <coding_rule class="CodeStyleCallSuperInConstructor" level="MINOR" enabled="false" />
  <coding_rule class="CodeStyleClassNamingConventions" level="MAJOR" enabled="false" />
  <coding_rule class="CodeStyleCommentDefaultAccessModifier" level="MINOR" enabled="false" />
  <coding_rule class="CodeStyleConfusingTernary" level="MAJOR" enabled="false" />
  <coding_rule class="CodeStyleDefaultPackage" level="MINOR" enabled="false" />
  <coding_rule class="CodeStyleDontImportJavaLang" level="MINOR" enabled="false" />
  <coding_rule class="CodeStyleDuplicateImports" level="MINOR" enabled="false" />
  <coding_rule class="CodeStyleDuplicateJspImports" level="MAJOR" enabled="false" />
  <coding_rule class="CodeStyleEmptyMethodInAbstractClassShouldBeAbstract" level="MAJOR" enabled="false" />
  <coding_rule class="CodeStyleExtendsObject" level="MAJOR" enabled="false" />
  <coding_rule class="CodeStyleFieldDeclarationsShouldBeAtStartOfClass" level="MAJOR" enabled="true">
    <param name="ignoreEnumDeclarations" value="true" />
    <param name="ignoreInterfaceDeclarations" value="false" />
    <param name="ignoreAnonymousClassDeclarations" value="true" />
  </coding_rule>
  <coding_rule class="CodeStyleForLoopShouldBeWhileLoop" level="MINOR" enabled="false" />
  <coding_rule class="CodeStyleForLoopsMustUseBraces" level="MAJOR" enabled="false" />
  <coding_rule class="CodeStyleGenericsNaming" level="MAJOR" enabled="false" />
  <coding_rule class="CodeStyleIfElseStmtsMustUseBraces" level="MAJOR" enabled="false" />
  <coding_rule class="CodeStyleIfStmtsMustUseBraces" level="MAJOR" enabled="false" />
  <coding_rule class="CodeStyleLocalHomeNamingConvention" level="MAJOR" enabled="false" />
  <coding_rule class="CodeStyleLocalInterfaceSessionNamingConvention" level="MAJOR" enabled="false" />
  <coding_rule class="CodeStyleLocalVariableCouldBeFinal" level="MINOR" enabled="false" />
  <coding_rule class="CodeStyleLongVariable" level="MAJOR" enabled="true">
    <param name="minimum" value="40" />
    <param name="version" value="1.0" />
  </coding_rule>
  <coding_rule class="CodeStyleMDBAndSessionBeanNamingConvention" level="MAJOR" enabled="false" />
  <coding_rule class="CodeStyleMIsLeadingVariableName" level="MAJOR" enabled="false" />
  <coding_rule class="CodeStyleMethodArgumentCouldBeFinal" level="MINOR" enabled="false" />
  <coding_rule class="CodeStyleMethodNamingConventions" level="MAJOR" enabled="false" />
  <coding_rule class="CodeStyleMisleadingVariableName" level="MAJOR" enabled="false" />
  <coding_rule class="CodeStyleNoPackage" level="MAJOR" enabled="false" />
  <coding_rule class="CodeStyleOnlyOneReturn" level="MINOR" enabled="false" />
  <coding_rule class="CodeStylePackageCase" level="MAJOR" enabled="false" />
  <coding_rule class="CodeStylePrematureDeclaration" level="MAJOR" enabled="false" />
  <coding_rule class="CodeStyleRemoteInterfaceNamingConvention" level="MAJOR" enabled="false" />
  <coding_rule class="CodeStyleRemoteSessionInterfaceNamingConvention" level="MAJOR" enabled="false" />
  <coding_rule class="CodeStyleShortClassName" level="MAJOR" enabled="false" />
  <coding_rule class="CodeStyleShortMethodName" level="MAJOR" enabled="false" />
  <coding_rule class="CodeStyleShortVariable" level="MAJOR" enabled="false" />
  <coding_rule class="CodeStyleSuspiciousConstantFieldName" level="MAJOR" enabled="false" />
  <coding_rule class="CodeStyleTooManyStaticImports" level="MAJOR" enabled="false" />
  <coding_rule class="CodeStyleUnnecessaryConstructor" level="MAJOR" enabled="false" />
  <coding_rule class="CodeStyleUnnecessaryFinalModifier" level="INFO" enabled="false" />
  <coding_rule class="CodeStyleUnnecessaryFullyQualifiedName" level="MINOR" enabled="true" />
  <coding_rule class="CodeStyleUnnecessaryLocalBeforeReturn" level="MAJOR" enabled="false" />
  <coding_rule class="CodeStyleUnnecessaryModifier" level="MAJOR" enabled="false" />
  <coding_rule class="CodeStyleUnnecessaryParentheses" level="MINOR" enabled="false" />
  <coding_rule class="CodeStyleUnnecessaryReturn" level="MINOR" enabled="false" />
  <coding_rule class="CodeStyleUselessParentheses" level="MAJOR" enabled="false" />
  <coding_rule class="CodeStyleUselessQualifiedThis" level="MAJOR" enabled="false" />
  <coding_rule class="CodeStyleVariableNamingConventions" level="MAJOR" enabled="false" />
  <coding_rule class="CodeStyleWhileLoopsMustUseBraces" level="MAJOR" enabled="false" />
  <coding_rule class="DesignAbstractClassWithoutAnyMethod" level="MAJOR" enabled="false" />
  <coding_rule class="DesignAvoidCatchingGenericException" level="MAJOR" enabled="false" />
  <coding_rule class="DesignAvoidDeeplyNestedIfStmts" level="MAJOR" enabled="true">
    <param name="problemDepth" value="4" />
  </coding_rule>
  <coding_rule class="DesignAvoidRethrowingException" level="MAJOR" enabled="false" />
  <coding_rule class="DesignAvoidThrowingNewInstanceOfSameException" level="MAJOR" enabled="false" />
  <coding_rule class="DesignAvoidThrowingNullPointerException" level="MAJOR" enabled="false" />
  <coding_rule class="DesignAvoidThrowingRawExceptionTypes" level="MAJOR" enabled="false" />
  <coding_rule class="DesignClassWithOnlyPrivateConstructorsShouldBeFinal" level="MAJOR" enabled="false" />
  <coding_rule class="DesignCollapsibleIfStatements" level="MINOR" enabled="false" />
  <coding_rule class="DesignCouplingBetweenObjects" level="MAJOR" enabled="false" />
  <coding_rule class="DesignCyclomaticComplexity" level="MAJOR" enabled="false" />
  <coding_rule class="DesignDataClass" level="MAJOR" enabled="false" />
  <coding_rule class="DesignDoNotExtendJavaLangError" level="MAJOR" enabled="false" />
  <coding_rule class="DesignExceptionAsFlowControl" level="MAJOR" enabled="false" />
  <coding_rule class="DesignExcessiveClassLength" level="MAJOR" enabled="false" />
  <coding_rule class="DesignExcessiveImports" level="MAJOR" enabled="false" />
  <coding_rule class="DesignExcessiveMethodLength" level="MAJOR" enabled="false" />
  <coding_rule class="DesignExcessiveParameterList" level="MAJOR" enabled="false" />
  <coding_rule class="DesignExcessivePublicCount" level="MAJOR" enabled="false" />
  <coding_rule class="DesignFinalFieldCouldBeStatic" level="MAJOR" enabled="true">
    <param name="version" value="1.0" />
  </coding_rule>
  <coding_rule class="DesignGodClass" level="MAJOR" enabled="false" />
  <coding_rule class="DesignImmutableField" level="MAJOR" enabled="true" />
  <coding_rule class="DesignLawOfDemeter" level="MAJOR" enabled="false" />
  <coding_rule class="DesignLogicInversion" level="MAJOR" enabled="false" />
  <coding_rule class="DesignLoosePackageCoupling" level="MAJOR" enabled="false" />
  <coding_rule class="DesignModifiedCyclomaticComplexity" level="MAJOR" enabled="false" />
  <coding_rule class="DesignNPathComplexity" level="MAJOR" enabled="false" />
  <coding_rule class="DesignNcssConstructorCount" level="MAJOR" enabled="false" />
  <coding_rule class="DesignNcssCount" level="MAJOR" enabled="false" />
  <coding_rule class="DesignNcssMethodCount" level="MAJOR" enabled="false" />
  <coding_rule class="DesignNcssTypeCount" level="MAJOR" enabled="false" />
  <coding_rule class="DesignNoInlineScript" level="MAJOR" enabled="false" />
  <coding_rule class="DesignNoInlineStyleInformation" level="MAJOR" enabled="false" />
  <coding_rule class="DesignNoLongScripts" level="MAJOR" enabled="false" />
  <coding_rule class="DesignNoScriptlets" level="MAJOR" enabled="false" />
  <coding_rule class="DesignSignatureDeclareThrowsException" level="MAJOR" enabled="false" />
  <coding_rule class="DesignSimplifiedTernary" level="MAJOR" enabled="false" />
  <coding_rule class="DesignSimplifyBooleanAssertion" level="MAJOR" enabled="false" />
  <coding_rule class="DesignSimplifyBooleanExpressions" level="MINOR" enabled="false" />
  <coding_rule class="DesignSimplifyBooleanReturns" level="MINOR" enabled="false" />
  <coding_rule class="DesignSimplifyConditional" level="MAJOR" enabled="false" />
  <coding_rule class="DesignSingularField" level="MAJOR" enabled="true">
    <param name="disallowNotAssignment" value="false" />
    <param name="checkInnerClasses" value="false" />
  </coding_rule>
  <coding_rule class="DesignStdCyclomaticComplexity" level="MAJOR" enabled="false" />
  <coding_rule class="DesignSwitchDensity" level="MAJOR" enabled="false" />
  <coding_rule class="DesignTooManyFields" level="MAJOR" enabled="false" />
  <coding_rule class="DesignTooManyMethods" level="MAJOR" enabled="false" />
  <coding_rule class="DesignUseObjectForClearerAPI" level="MAJOR" enabled="false" />
  <coding_rule class="DesignUseUtilityClass" level="MAJOR" enabled="false" />
  <coding_rule class="DesignUselessOverridingMethod" level="MAJOR" enabled="false" />
  <coding_rule class="DocumentationCommentContent" level="MAJOR" enabled="false" />
  <coding_rule class="DocumentationCommentRequired" level="MAJOR" enabled="false" />
  <coding_rule class="DocumentationCommentSize" level="MAJOR" enabled="false" />
  <coding_rule class="DocumentationUncommentedEmptyConstructor" level="MAJOR" enabled="false" />
  <coding_rule class="DocumentationUncommentedEmptyMethodBody" level="MAJOR" enabled="true">
    <param name="version" value="1.0" />
  </coding_rule>
  <coding_rule class="ErrorProneAssignmentInOperand" level="MAJOR" enabled="true">
    <param name="allowFor" value="false" />
    <param name="allowWhile" value="false" />
    <param name="allowIncrementDecrement" value="false" />
    <param name="allowIf" value="false" />
  </coding_rule>
  <coding_rule class="ErrorProneAssignmentToNonFinalStatic" level="MAJOR" enabled="false" />
  <coding_rule class="ErrorProneAvoidAccessibilityAlteration" level="MAJOR" enabled="false" />
  <coding_rule class="ErrorProneAvoidAssertAsIdentifier" level="MAJOR" enabled="false" />
  <coding_rule class="ErrorProneAvoidBranchingStatementAsLastInLoop" level="CRITICAL" enabled="true">
    <param name="checkBreakLoopTypes" value="for|do|while" />
    <param name="violationSuppressXPath" value="//ClassOrInterfaceDeclaration[(@Image='SAP') or (@Image='ShortestCommonAncestor')]" />
    <param name="checkContinueLoopTypes" value="for|do|while" />
    <param name="checkReturnLoopTypes" value="for|do|while" />
  </coding_rule>
  <coding_rule class="ErrorProneAvoidCallingFinalize" level="MAJOR" enabled="false" />
  <coding_rule class="ErrorProneAvoidCatchingNPE" level="MAJOR" enabled="false" />
  <coding_rule class="ErrorProneAvoidCatchingThrowable" level="CRITICAL" enabled="false" />
  <coding_rule class="ErrorProneAvoidDecimalLiteralsInBigDecimalConstructor" level="MAJOR" enabled="false" />
  <coding_rule class="ErrorProneAvoidDuplicateLiterals" level="MAJOR" enabled="false" />
  <coding_rule class="ErrorProneAvoidEnumAsIdentifier" level="MAJOR" enabled="false" />
  <coding_rule class="ErrorProneAvoidFieldNameMatchingMethodName" level="MAJOR" enabled="false" />
  <coding_rule class="ErrorProneAvoidFieldNameMatchingTypeName" level="MAJOR" enabled="false" />
  <coding_rule class="ErrorProneAvoidInstanceofChecksInCatchClause" level="MINOR" enabled="false" />
  <coding_rule class="ErrorProneAvoidLiteralsInIfCondition" level="MAJOR" enabled="false" />
  <coding_rule class="ErrorProneAvoidLosingExceptionInformation" level="MAJOR" enabled="false" />
  <coding_rule class="ErrorProneAvoidMultipleUnaryOperators" level="MAJOR" enabled="false" />
  <coding_rule class="ErrorProneAvoidUsingOctalValues" level="MAJOR" enabled="false" />
  <coding_rule class="ErrorProneBadComparison" level="MAJOR" enabled="false" />
  <coding_rule class="ErrorProneBeanMembersShouldSerialize" level="MAJOR" enabled="false" />
  <coding_rule class="ErrorProneBrokenNullCheck" level="CRITICAL" enabled="false" />
  <coding_rule class="ErrorProneCallSuperFirst" level="MAJOR" enabled="false" />
  <coding_rule class="ErrorProneCallSuperLast" level="MAJOR" enabled="false" />
  <coding_rule class="ErrorProneCheckSkipResult" level="MAJOR" enabled="false" />
  <coding_rule class="ErrorProneClassCastExceptionWithToArray" level="MAJOR" enabled="false" />
  <coding_rule class="ErrorProneCloneMethodMustBePublic" level="MAJOR" enabled="false" />
  <coding_rule class="ErrorProneCloneMethodMustImplementCloneable" level="MAJOR" enabled="false" />
  <coding_rule class="ErrorProneCloneMethodReturnTypeMustMatchClassName" level="MAJOR" enabled="false" />
  <coding_rule class="ErrorProneCloneThrowsCloneNotSupportedException" level="MAJOR" enabled="false" />
  <coding_rule class="ErrorProneCloseResource" level="MAJOR" enabled="false" />
  <coding_rule class="ErrorProneCompareObjectsWithEquals" level="MAJOR" enabled="false" />
  <coding_rule class="ErrorProneConstructorCallsOverridableMethod" level="MAJOR" enabled="false" />
  <coding_rule class="ErrorProneDataflowAnomalyAnalysis" level="MAJOR" enabled="false" />
  <coding_rule class="ErrorProneDoNotCallGarbageCollectionExplicitly" level="CRITICAL" enabled="false" />
  <coding_rule class="ErrorProneDoNotCallSystemExit" level="MAJOR" enabled="true">
    <param name="version" value="1.0" />
  </coding_rule>
  <coding_rule class="ErrorProneDoNotHardCodeSDCard" level="MAJOR" enabled="false" />
  <coding_rule class="ErrorProneDoNotThrowExceptionInFinally" level="MAJOR" enabled="false" />
  <coding_rule class="ErrorProneDontImportSun" level="MINOR" enabled="false" />
  <coding_rule class="ErrorProneDontUseFloatTypeForLoopIndices" level="MAJOR" enabled="false" />
  <coding_rule class="ErrorProneEmptyCatchBlock" level="MAJOR" enabled="true">
    <param name="allowExceptionNameRegex" value="^(ignored|expected)$" />
    <param name="allowCommentedBlocks" value="true" />
    <param name="version" value="1.0" />
  </coding_rule>
  <coding_rule class="ErrorProneEmptyFinalizer" level="MAJOR" enabled="false" />
  <coding_rule class="ErrorProneEmptyFinallyBlock" level="CRITICAL" enabled="false" />
  <coding_rule class="ErrorProneEmptyIfStmt" level="MAJOR" enabled="true">
    <param name="version" value="1.0" />
  </coding_rule>
  <coding_rule class="ErrorProneEmptyInitializer" level="MAJOR" enabled="false" />
  <coding_rule class="ErrorProneEmptyStatementBlock" level="MAJOR" enabled="false" />
  <coding_rule class="ErrorProneEmptyStatementNotInLoop" level="MAJOR" enabled="true">
    <param name="version" value="1.0" />
  </coding_rule>
  <coding_rule class="ErrorProneEmptyStaticInitializer" level="MAJOR" enabled="false" />
  <coding_rule class="ErrorProneEmptySwitchStatements" level="MAJOR" enabled="false" />
  <coding_rule class="ErrorProneEmptySynchronizedBlock" level="CRITICAL" enabled="false" />
  <coding_rule class="ErrorProneEmptyTryBlock" level="MAJOR" enabled="false" />
  <coding_rule class="ErrorProneEmptyWhileStmt" level="CRITICAL" enabled="false" />
  <coding_rule class="ErrorProneEqualsNull" level="BLOCKER" enabled="true">
    <param name="version" value="1.0" />
  </coding_rule>
  <coding_rule class="ErrorProneFinalizeDoesNotCallSuperFinalize" level="MAJOR" enabled="false" />
  <coding_rule class="ErrorProneFinalizeOnlyCallsSuperFinalize" level="MAJOR" enabled="false" />
  <coding_rule class="ErrorProneFinalizeOverloaded" level="MAJOR" enabled="false" />
  <coding_rule class="ErrorProneFinalizeShouldBeProtected" level="MAJOR" enabled="false" />
  <coding_rule class="ErrorProneIdempotentOperations" level="MAJOR" enabled="false" />
  <coding_rule class="ErrorProneImportFromSamePackage" level="MINOR" enabled="false" />
  <coding_rule class="ErrorProneInstantiationToGetClass" level="MAJOR" enabled="false" />
  <coding_rule class="ErrorProneInvalidSlf4jMessageFormat" level="MINOR" enabled="false" />
  <coding_rule class="ErrorProneJUnitSpelling" level="MAJOR" enabled="false" />
  <coding_rule class="ErrorProneJUnitStaticSuite" level="MAJOR" enabled="false" />
  <coding_rule class="ErrorProneJspEncoding" level="MAJOR" enabled="false" />
  <coding_rule class="ErrorProneJumbledIncrementer" level="MAJOR" enabled="true">
    <param name="version" value="1.0" />
  </coding_rule>
  <coding_rule class="ErrorProneLoggerIsNotStaticFinal" level="MAJOR" enabled="false" />
  <coding_rule class="ErrorProneMethodWithSameNameAsEnclosingClass" level="MAJOR" enabled="false" />
  <coding_rule class="ErrorProneMisplacedNullCheck" level="CRITICAL" enabled="false" />
  <coding_rule class="ErrorProneMissingBreakInSwitch" level="CRITICAL" enabled="false" />
  <coding_rule class="ErrorProneMissingSerialVersionUID" level="MAJOR" enabled="false" />
  <coding_rule class="ErrorProneMissingStaticMethodInNonInstantiatableClass" level="MAJOR" enabled="false" />
  <coding_rule class="ErrorProneMoreThanOneLogger" level="MAJOR" enabled="false" />
  <coding_rule class="ErrorProneNonCaseLabelInSwitchStatement" level="MAJOR" enabled="false" />
  <coding_rule class="ErrorProneNonStaticInitializer" level="MAJOR" enabled="false" />
  <coding_rule class="ErrorProneNullAssignment" level="MAJOR" enabled="false" />
  <coding_rule class="ErrorProneOverrideBothEqualsAndHashcode" level="CRITICAL" enabled="false" />
  <coding_rule class="ErrorProneProperCloneImplementation" level="CRITICAL" enabled="false" />
  <coding_rule class="ErrorProneProperLogger" level="MAJOR" enabled="false" />
  <coding_rule class="ErrorProneReturnEmptyArrayRatherThanNull" level="MINOR" enabled="false" />
  <coding_rule class="ErrorProneReturnFromFinallyBlock" level="MAJOR" enabled="false" />
  <coding_rule class="ErrorProneSimpleDateFormatNeedsLocale" level="MAJOR" enabled="false" />
  <coding_rule class="ErrorProneSingleMethodSingleton" level="MAJOR" enabled="false" />
  <coding_rule class="ErrorProneSingletonClassReturningNewInstance" level="MAJOR" enabled="false" />
  <coding_rule class="ErrorProneStaticEJBFieldShouldBeFinal" level="MAJOR" enabled="false" />
  <coding_rule class="ErrorProneStringBufferInstantiationWithChar" level="MAJOR" enabled="false" />
  <coding_rule class="ErrorProneSuspiciousEqualsMethodName" level="CRITICAL" enabled="false" />
  <coding_rule class="ErrorProneSuspiciousHashcodeMethodName" level="MAJOR" enabled="false" />
  <coding_rule class="ErrorProneSuspiciousOctalEscape" level="MAJOR" enabled="false" />
  <coding_rule class="ErrorProneTestClassWithoutTestCases" level="MAJOR" enabled="false" />
  <coding_rule class="ErrorProneUnconditionalIfStatement" level="MAJOR" enabled="true">
    <param name="version" value="1.0" />
  </coding_rule>
  <coding_rule class="ErrorProneUnnecessaryBooleanAssertion" level="MAJOR" enabled="false" />
  <coding_rule class="ErrorProneUnnecessaryCaseChange" level="MINOR" enabled="false" />
  <coding_rule class="ErrorProneUnnecessaryConversionTemporary" level="MAJOR" enabled="false" />
  <coding_rule class="ErrorProneUnusedNullCheckInEquals" level="MAJOR" enabled="false" />
  <coding_rule class="ErrorProneUseCorrectExceptionLogging" level="MAJOR" enabled="false" />
  <coding_rule class="ErrorProneUseEqualsToCompareStrings" level="MAJOR" enabled="false" />
  <coding_rule class="ErrorProneUseLocaleWithCaseConversions" level="MAJOR" enabled="false" />
  <coding_rule class="ErrorProneUseProperClassLoader" level="CRITICAL" enabled="false" />
  <coding_rule class="ErrorProneUselessOperationOnImmutable" level="CRITICAL" enabled="false" />
  <coding_rule class="MultithreadingAvoidSynchronizedAtMethodLevel" level="MAJOR" enabled="false" />
  <coding_rule class="MultithreadingAvoidThreadGroup" level="CRITICAL" enabled="false" />
  <coding_rule class="MultithreadingAvoidUsingVolatile" level="MAJOR" enabled="false" />
  <coding_rule class="MultithreadingDoNotUseThreads" level="MAJOR" enabled="true">
    <param name="version" value="1.0" />
  </coding_rule>
  <coding_rule class="MultithreadingDontCallThreadRun" level="MAJOR" enabled="false" />
  <coding_rule class="MultithreadingDoubleCheckedLocking" level="MAJOR" enabled="false" />
  <coding_rule class="MultithreadingNonThreadSafeSingleton" level="MAJOR" enabled="false" />
  <coding_rule class="MultithreadingUnsynchronizedStaticDateFormatter" level="MAJOR" enabled="false" />
  <coding_rule class="MultithreadingUseConcurrentHashMap" level="MAJOR" enabled="false" />
  <coding_rule class="MultithreadingUseNotifyAllInsteadOfNotify" level="MAJOR" enabled="false" />
  <coding_rule class="PerformanceAddEmptyString" level="MAJOR" enabled="false" />
  <coding_rule class="PerformanceAppendCharacterWithChar" level="MINOR" enabled="false" />
  <coding_rule class="PerformanceAvoidArrayLoops" level="MAJOR" enabled="false" />
  <coding_rule class="PerformanceAvoidInstantiatingObjectsInLoops" level="MINOR" enabled="false" />
  <coding_rule class="PerformanceAvoidUsingShortType" level="MAJOR" enabled="false" />
  <coding_rule class="PerformanceBigIntegerInstantiation" level="MAJOR" enabled="false" />
  <coding_rule class="PerformanceBooleanInstantiation" level="MAJOR" enabled="false" />
  <coding_rule class="PerformanceByteInstantiation" level="MAJOR" enabled="false" />
  <coding_rule class="PerformanceConsecutiveAppendsShouldReuse" level="MAJOR" enabled="false" />
  <coding_rule class="PerformanceConsecutiveLiteralAppends" level="MINOR" enabled="false" />
  <coding_rule class="PerformanceInefficientEmptyStringCheck" level="MAJOR" enabled="false" />
  <coding_rule class="PerformanceInefficientStringBuffering" level="MAJOR" enabled="false" />
  <coding_rule class="PerformanceInsufficientStringBufferDeclaration" level="MAJOR" enabled="false" />
  <coding_rule class="PerformanceIntegerInstantiation" level="MAJOR" enabled="false" />
  <coding_rule class="PerformanceLongInstantiation" level="MAJOR" enabled="false" />
  <coding_rule class="PerformanceOptimizableToArrayCall" level="MAJOR" enabled="false" />
  <coding_rule class="PerformanceRedundantFieldInitializer" level="MAJOR" enabled="false" />
  <coding_rule class="PerformanceShortInstantiation" level="MAJOR" enabled="false" />
  <coding_rule class="PerformanceSimplifyStartsWith" level="MINOR" enabled="false" />
  <coding_rule class="PerformanceStringInstantiation" level="MAJOR" enabled="false" />
  <coding_rule class="PerformanceStringToString" level="MAJOR" enabled="false" />
  <coding_rule class="PerformanceTooFewBranchesForASwitchStatement" level="MAJOR" enabled="true">
    <param name="minimumNumberCaseForASwitch" value="2" />
    <param name="version" value="1.0" />
  </coding_rule>
  <coding_rule class="PerformanceUnnecessaryWrapperObjectCreation" level="MAJOR" enabled="false" />
  <coding_rule class="PerformanceUseArrayListInsteadOfVector" level="MAJOR" enabled="false" />
  <coding_rule class="PerformanceUseArraysAsList" level="MAJOR" enabled="false" />
  <coding_rule class="PerformanceUseIndexOfChar" level="MAJOR" enabled="false" />
  <coding_rule class="PerformanceUseStringBufferForStringAppends" level="MAJOR" enabled="false" />
  <coding_rule class="PerformanceUseStringBufferLength" level="MINOR" enabled="false" />
  <coding_rule class="PerformanceUselessStringValueOf" level="MINOR" enabled="false" />
  <coding_rule class="SecurityIframeMissingSrcAttribute" level="MAJOR" enabled="false" />
  <coding_rule class="SecurityNoUnsanitizedJSPExpression" level="MAJOR" enabled="false" />
</coding_rules>