<application>
  <component name="DebuggerSettings">
    <option name="SHOW_ALTERNATIVE_SOURCE" value="false" />
  </component>
  <component name="NodeRendererSettings">
    <CustomRenderers VERSION="8">
      <Renderer ID="CompoundTypeRenderer">
        <option name="NAME" value="Byte arrays" />
        <option name="ENABLED" value="true" />
        <option name="QUALIFIED_NAME" value="byte[]" />
        <Renderer ID="LabelRenderer" role="label">
          <option name="QUALIFIED_NAME" value="byte[]" />
          <option name="ON_DEMAND" value="false" />
          <option name="LABEL_EXPRESSION" value="new String(this)&#13;&#13;JAVA" />
        </Renderer>
      </Renderer>
      <Renderer ID="CompoundTypeRenderer">
        <option name="NAME" value="Char arrays" />
        <option name="ENABLED" value="true" />
        <option name="QUALIFIED_NAME" value="char[]" />
        <Renderer ID="LabelRenderer" role="label">
          <option name="QUALIFIED_NAME" value="char[]" />
          <option name="ON_DEMAND" value="false" />
          <option name="LABEL_EXPRESSION" value="new String(this)&#13;&#13;JAVA" />
        </Renderer>
      </Renderer>
    </CustomRenderers>
  </component>
  <component name="XDebuggerSettings">
    <data-views />
    <general>
      <unmute-on-stop>true</unmute-on-stop>
    </general>
    <debuggers>
      <debugger id="javascript">
        <configuration>
          <custom-object-presentation />
        </configuration>
      </debugger>
    </debuggers>
  </component>
</application>