<application>
  <component name="DiffManager" COMPARISON_POLICY="Ignore spaces" />
  <component name="DiffSettings">
    <option name="PLACES_MAP">
      <entry key="Default">
        <PlaceSettings>
          <option name="DIFF_TOOLS_ORDER">
            <list>
              <option value="com.intellij.diff.tools.simple.SimpleDiffTool" />
              <option value="com.intellij.diff.tools.fragmented.UnifiedDiffTool" />
              <option value="com.intellij.diff.tools.binary.BinaryDiffTool" />
              <option value="com.intellij.diff.tools.dir.DirDiffTool" />
            </list>
          </option>
        </PlaceSettings>
      </entry>
    </option>
  </component>
  <component name="TextDiffSettings">
    <option name="PLACES_MAP">
      <entry key="Default">
        <PlaceSettings>
          <option name="HIGHLIGHTING_LEVEL" value="SIMPLE" />
          <option name="SHOW_WHITESPACES" value="true" />
        </PlaceSettings>
      </entry>
    </option>
  </component>
</application>