<application>
  <component name="EditorSettings">
    <option name="USE_SOFT_WRAPS" value="CONSOLE" />
    <option name="SHOW_PARAMETER_NAME_HINTS" value="false" />
  </component>
  <component name="TodoConfiguration">
    <pattern pattern="\btodo\b.*" />
    <pattern pattern="\bfixme\b.*" />
    <pattern pattern="TODO@e3ckuo" />
    <pattern icon="question" pattern="TODO@question" />
    <pattern pattern="TODO@waiting" />
    <pattern pattern="TODO@later" />
    <filter name="only mine">
      <pattern index="2" />
    </filter>
    <filter name="questions">
      <pattern index="3" />
    </filter>
    <filter name="waiting">
      <pattern index="4" />
    </filter>
    <filter name="later">
      <pattern index="5" />
    </filter>
    <filter name="TODO@">
      <pattern index="2" />
      <pattern index="4" />
      <pattern index="3" />
      <pattern index="5" />
    </filter>
  </component>
</application>