<application>
  <component name="FindSettings">
    <option name="customScope" value="All Places" />
    <option name="defaultScopeName" value="All Places" />
    <option name="SEARCH_SCOPE" value="All Places" />
    <mask>*.jsp</mask>
    <mask>*.js</mask>
    <mask>*.as</mask>
    <mask>*.css</mask>
    <mask>*.mxml</mask>
    <mask>*.conf</mask>
    <mask>pom.xml</mask>
    <mask>*.</mask>
    <mask>*.drl</mask>
    <mask>*.scss</mask>
    <mask>*css</mask>
    <mask>*properties</mask>
    <mask>*ts</mask>
    <mask>*scss</mask>
    <mask>*json</mask>
    <mask>*.html</mask>
    <mask>*.ts</mask>
    <mask>*.eel</mask>
    <mask>*.properties</mask>
    <mask>*.sql</mask>
    <mask>*.json</mask>
    <mask>*.java</mask>
    <mask>*.xml</mask>
  </component>
</application>