<application>
  <component name="ExternalResourceManagerImpl">
    <resource url="http://aries.apache.org/blueprint/xmlns/blueprint-cm/v1.1.0" location="$USER_HOME$/Library/Caches/IdeaIC2017.3/extResources/3b9e2c0b_v1.1.0.xml" />
    <resource url="http://aries.apache.org/blueprint/xmlns/blueprint-ext/v1.0.0" location="$USER_HOME$/Library/Caches/IdeaIC14/extResources/4968f967_v1.0.0.xml" />
    <resource url="http://aries.apache.org/blueprint/xmlns/blueprint-ext/v1.2.0" location="$USER_HOME$/Library/Caches/IdeaIC2017.3/extResources/496900e9_v1.2.0.xml" />
    <resource url="http://aries.apache.org/schemas/jpa/jpa_20.xsd" location="$USER_HOME$/Library/Caches/IdeaIC2017.3/extResources/75e4985f_jpa_20.xsd" />
    <resource url="http://aries.apache.org/schemas/transaction/transactionv20.xsd" location="$USER_HOME$/Library/Caches/IdeaIC2017.3/extResources/72f036f0_transactionv20.xsd" />
    <resource url="http://camel.apache.org/schema/spring" location="$USER_HOME$/Library/Caches/IdeaIC2018.1/extResources/9caa49d4_camel-spring.xsd" />
    <resource url="http://cxf.apache.org/configuration/security" location="$USER_HOME$/Library/Caches/IdeaIC2018.1/extResources/a74b2d75_security.xml" />
    <resource url="http://cxf.apache.org/schemas/blueprint/core.xsd" location="$USER_HOME$/Library/Caches/IdeaIC2018.1/extResources/aeb25f6f_core.xsd" />
    <resource url="http://cxf.apache.org/schemas/blueprint/jaxrs.xsd" location="$USER_HOME$/Library/Caches/IdeaIC2018.1/extResources/de674e28_jaxrs.xsd" />
    <resource url="http://cxf.apache.org/schemas/configuration/cxf-beans.xsd" location="$USER_HOME$/Library/Caches/IdeaIC2018.1/extResources/5b196030_cxf-beans.xsd" />
    <resource url="http://cxf.apache.org/schemas/configuration/parameterized-types.xsd" location="$USER_HOME$/Library/Caches/IdeaIC2018.1/extResources/2b84f58e_parameterized-types.xsd" />
    <resource url="http://cxf.apache.org/schemas/configuration/security.xsd" location="$USER_HOME$/Library/Caches/IdeaIC2018.1/extResources/4eadf60d_security.xsd" />
    <resource url="http://cxf.apache.org/transports/http-jetty/configuration" location="$USER_HOME$/Library/Caches/IdeaIC2018.1/extResources/73b3d309_configuration.xml" />
    <resource url="http://infinispan.org/schemas/infinispan-config-9.2.xsd" location="$USER_HOME$/Library/Caches/IdeaIC2018.1/extResources/f58908f6_infinispan-config-9.2.xsd" />
    <resource url="http://java.sun.com/xml/ns/javaee" location="$USER_HOME$/Library/Caches/IdeaIC15/extResources/eb29ae47_ejb-jar_3_1.xsd" />
    <resource url="http://java.sun.com/xml/ns/javaee/ejb-jar_3_0.xsd" location="$USER_HOME$/Library/Caches/IdeaIC15/extResources/eb1b96c6_ejb-jar_3_0.xsd" />
    <resource url="http://java.sun.com/xml/ns/javaee/ejb-jar_3_1.xsd" location="$USER_HOME$/Library/Caches/IdeaIC15/extResources/eb29ae47_ejb-jar_3_1.xsd" />
    <resource url="http://java.sun.com/xml/ns/javaee/web-app_3_0.xsd" location="$USER_HOME$/Library/Caches/IdeaIC2016.2/extResources/beee9943_web-app_3_0.xsd" />
    <resource url="http://karaf.apache.org/xmlns/features/v1.0.0" location="$USER_HOME$/Library/Caches/IdeaIC2017.3/extResources/5fcce672_v1.0.0.xml" />
    <resource url="http://karaf.apache.org/xmlns/features/v1.4.0" location="$USER_HOME$/Library/Caches/IdeaIC2017.3/extResources/5fccf576_v1.4.0.xml" />
    <resource url="http://karaf.apache.org/xmlns/shell/v1.0.0" location="$USER_HOME$/Library/Caches/IdeaIC2016.2/extResources/e4dfaffd_v1.0.0.xml" />
    <resource url="http://karaf.apache.org/xmlns/shell/v1.1.0" location="$USER_HOME$/Library/Caches/IdeaIC2017.2/extResources/e4dfb3be_v1.1.0.xml" />
    <resource url="http://maven.apache.org/ASSEMBLY/2.0.0" location="$USER_HOME$/Library/Caches/IdeaIC2017.2/extResources/a7faf726_assembly-2.0.0.xsd" />
    <resource url="http://maven.apache.org/plugins/maven-assembly-plugin/assembly/1.1.2" location="$USER_HOME$/Library/Caches/IdeaIC2017.3/extResources/48b8f268_assembly-1.1.2.xsd" />
    <resource url="http://maven.apache.org/xsd/assembly-1.1.2.xsd" location="$USER_HOME$/Library/Caches/IdeaIC2017.3/extResources/48b8f268_assembly-1.1.2.xsd" />
    <resource url="http://www.osgi.org/xmlns/blueprint/v1.0.0" location="$USER_HOME$/Library/Caches/IdeaIC2017.3/extResources/7752ceb7_blueprint.xsd" />
    <resource url="http://www.osgi.org/xmlns/blueprint/v1.0.0/blueprint.xsd" location="$USER_HOME$/Library/Caches/IdeaIC2018.1/extResources/7752ceb7_blueprint.xsd" />
    <resource url="http://www.springframework.org/schema/beans" location="$USER_HOME$/Library/Caches/IdeaIC2018.1/extResources/334543e7_spring-beans.xsd" />
    <resource url="http://www.springframework.org/schema/beans/spring-beans-2.5.xsd" location="$USER_HOME$/Library/Caches/IdeaIC2018.1/extResources/6e8f9e13_spring-beans-2.5.xsd" />
    <resource url="http://www.springframework.org/schema/beans/spring-beans-3.0.xsd" location="$USER_HOME$/Library/Caches/IdeaIC2018.1/extResources/a32f63cf_spring-beans-3.0.xsd" />
    <resource url="http://www.springframework.org/schema/beans/spring-beans.xsd" location="$USER_HOME$/Library/Caches/IdeaIC2018.1/extResources/334543e7_spring-beans.xsd" />
    <resource url="http://www.springframework.org/schema/context" location="$USER_HOME$/Library/Caches/IdeaIC2018.1/extResources/e9152f13_spring-context-2.5.xsd" />
    <resource url="http://www.springframework.org/schema/mvc/spring-mvc-3.0.xsd" location="$USER_HOME$/Library/Caches/IdeaIC2018.1/extResources/de84b8ef_spring-mvc-3.0.xsd" />
    <resource url="http://www.springframework.org/schema/tool/spring-tool-2.5.xsd" location="$USER_HOME$/Library/Caches/IdeaIC2018.1/extResources/2aba23e5_spring-tool-2.5.xsd" />
    <resource url="http://www.springframework.org/schema/tool/spring-tool-3.0.xsd" location="$USER_HOME$/Library/Caches/IdeaIC2018.1/extResources/5f59e9a1_spring-tool-3.0.xsd" />
    <resource url="http://www.w3.org/1999/XSL/Format" location="$USER_HOME$/Library/Caches/IdeaIC2017.2/extResources/741852a8_Format.xml" />
    <resource url="http://www.w3.org/2000/10/XMLSchema-instance" location="$USER_HOME$/Library/Caches/IdeaIC2017.2/extResources/df6823dd_XMLSchema-instance.xml" />
    <resource url="http://www.w3.org/2001/XMLSchema-instance" location="$USER_HOME$/Library/Caches/IdeaIC15/extResources/631eabe6_XMLSchema-instance.xml" />
    <resource url="http://www.w3.org/2001/xml.xsd" location="$USER_HOME$/Library/Caches/IdeaIC2016.2/extResources/9b192256_xml.xsd" />
    <ignored-resource url="http://www.ch.e3ag.dlp.archiver.model.filter" />
    <ignored-resource url="http://www.ch.e3ag.dlp.incident.filter" />
    <ignored-resource url="http://www.ch.e3ag.tg.ticketservice.configuration.ticket" />
    <ignored-resource url="http://www.w3.org/1999/XSL/Format" />
    <ignored-resource url="urn:infinispan:config:9.3" />
  </component>
</application>