<application>
  <component name="ParameterNameHintsSettings">
    <blacklists>
      <blacklist language="Java">
        <added pattern="ch.e3ag.dlp.enforce.ws.IncidentsWS.getCuaForIncident(cuaName,incidentId)" />
        <added pattern="java.sql.ResultSet.getLong(columnIndex)" />
        <added pattern="java.sql.ResultSet.getString(columnIndex)" />
        <added pattern="java.sql.ResultSet.getInt(columnIndex)" />
        <added pattern="java.sql.ResultSet.getDate(columnIndex)" />
        <added pattern="java.sql.ResultSet.getBoolean(columnIndex)" />
        <added pattern="org.apache.log4j.Category.error(message,t)" />
        <added pattern="ch.e3ag.dlp.orchestrator.incidentinformationhandler.IncidentMessageType.IncidentMessageType(intValue,strValue)" />
        <added pattern="org.apache.dlp.commons.collections.BidiMap.put(o,o1)" />
        <added pattern="ch.e3ag.dlp.test.integration.CAINTest.decodeValue(aValue)" />
        <added pattern="ch.e3ag.dlp.test.integration.CAINTest.encode(value)" />
        <added pattern="org.junit.Assert.assertEquals(message,expected,actual)" />
        <added pattern="java.lang.Integer.Integer(value)" />
        <added pattern="org.junit.Assert.assertEquals(expected,actual)" />
        <added pattern="ch.e3ag.tg.ticketservice.connector.jira.json.api.CustomFieldTest.checkSubMap(customField,customKey,expectedCustomKey,value)" />
        <added pattern="ch.e3ag.tg.ticketservice.connector.jira.json.api.StandardFieldTest.checkSubMap(standardField,customKey,expectedCustomKey,value)" />
        <added pattern="java.sql.PreparedStatement.setString(parameterIndex,x)" />
        <added pattern="java.sql.PreparedStatement.setInt(parameterIndex,x)" />
        <added pattern="ch.e3ag.dlp.test.email.exchange.utils.PropertyUnion.PropertyUnion(registryUnion,configId)" />
        <added pattern="ch.e3ag.dlp.test.email.exchange.ExchangeTestHelper.assertAccept(sender,recipient,subject,senderGetNotification)" />
        <added pattern="ch.e3ag.dlp.opl.spp.batch.wrap.SEPPWrapperTest.MyClass.MyClass(var1,var2)" />
        <added pattern="java.util.Arrays.asList(a)" />
        <added pattern="java.lang.String.join(delimiter,elements)" />
        <added pattern="ch.e3ag.dlp.uniquecounter.UniqueCounter.UniqueCounter(matchService,severityEvaluator,incidentDeletionEnabled,severityUpdateEnabled)" />
        <added pattern="ch.e3ag.lomo.impl.LomoMdcManager.setMDC(applicationId,incidentId,tenant)" />
        <added pattern="ch.e3ag.dlp.repo.impl.RepoServiceTest.prepareConfiguration(resource)" />
        <added pattern="org.mockito.Mockito.times(wantedNumberOfInvocations)" />
        <added pattern="org.mockito.Matchers.eq(value)" />
        <added pattern="ch.e3ag.tg.common.business.data.BaseDTO.addAttribute(attrName,attr)" />
        <added pattern="java.sql.ResultSet.getString(columnLabel)" />
        <added pattern="java.sql.ResultSet.getTimestamp(columnLabel)" />
        <added pattern="java.sql.ResultSet.getLong(columnLabel)" />
        <added pattern="org.junit.Assert.assertTrue(message,condition)" />
        <added pattern="org.junit.Assert.assertNotNull(message,object)" />
        <added pattern="ch.e3ag.dlp.test.enforce.ws.IncidentsWS.getCuaForIncident(cuaName,incidentId)" />
        <added pattern="java.util.concurrent.Future.cancel(mayInterruptIfRunning)" />
        <added pattern="java.sql.PreparedStatement.setLong(parameterIndex,x)" />
        <added pattern="java.sql.ResultSet.getTimestamp(columnIndex)" />
        <added pattern="java.lang.System.exit(status)" />
        <added pattern="java.sql.ResultSet.getBlob(columnIndex)" />
        <added pattern="org.apache.log4j.Category.warn(message,t)" />
        <added pattern="ch.e3ag.dlp.dcm.business.rest.WaiverRestControllerTest.GetWaiverContext.createWaiver(tenant,sensitiveData,status,type,email,country,legalEntity)" />
        <added pattern="ch.e3ag.css.tools.guestbook.jdbc.DateGenerator.generateRandomDateAsString(maxDaysBack)" />
        <added pattern="ch.e3ag.tg.ticketservice.impl.TicketServiceImpl.createTicket(values,connectorConfigPath,ticketConfigPath)" />
        <added pattern="ch.e3ag.dlp.test.karaf.JolokiaSimpleClient.updateFile(fileName,regex,replacement)" />
        <added pattern="java.lang.String.replace(target,replacement)" />
        <added pattern="ch.e3ag.dlp.test.enforce.ws.IncidentsWS.getCuaByName(incident,cuaName)" />
        <added pattern="ch.e3ag.dlp.test.awaitility.AwaitilityImproved.waitOneMinuteFor(conditionEvaluator,errorMessage)" />
        <added pattern="ch.e3ag.dlp.test.integration.enforce.GicoTest.runGico(keyword)" />
        <added pattern="org.junit.jupiter.api.Assertions.assertEquals(expected,actual)" />
        <added pattern="java.sql.PreparedStatement.setObject(parameterIndex,x)" />
        <added pattern="org.assertj.core.api.AbstractAssert.as(description)" />
        <added pattern="org.assertj.core.api.AbstractAssert.as(description,args)" />
        <added pattern="org.assertj.core.api.AbstractObjectAssert.as(description)" />
        <added pattern="org.assertj.core.api.AbstractObjectAssert.as(description,args)" />
        <added pattern="org.junit.Assert.assertTrue(condition)" />
        <added pattern="org.junit.Assert.assertFalse(message,condition)" />
        <added pattern="java.io.File.File(pathname)" />
        <added pattern="ch.e3ag.css.discovery.content.testing.impl.ByteBufParserListenerChecker.checkFieldValueOnLocation(path,fieldName,value)" />
        <added pattern="ch.e3ag.dlp.ticketservice.impl.TicketServiceImpl.TicketServiceImpl(templateConfigurationDirectory,ticketConfigurationPrefix,connectorConfigurationPrefix)" />
        <added pattern="ch.e3ag.css.discovery.content.testing.impl.ByteBufParserListenerChecker.checkLocationAtPosition(path,index)" />
        <added pattern="java.nio.file.Paths.get(first,more)" />
        <added pattern="ch.e3ag.dlp.mpr.fetcher.o365.O365Folder.O365Folder(store,powerShell,parentFolder,folderName)" />
        <added pattern="ch.e3ag.dlp.mpr.fetcher.o365.O365Folder.O365Folder(store,powerShell,parentFolder,folderName,ewsConnectionId)" />
        <added pattern="ch.e3ag.dlp.mpr.emailserver.o365.O365PowerShell.executeVerbose(powerShell,command)" />
        <added pattern="ch.e3ag.dlp.mpr.fetcher.o365.O365Folder.O365Folder(store,context,parentFolder,folderName)" />
        <added pattern="java.lang.ProcessBuilder.ProcessBuilder(command)" />
        <added pattern="com.github.tuupertunut.powershelllibjava.PowerShell.PowerShell(customExecutablePath)" />
        <added pattern="java.lang.String.replaceFirst(regex,replacement)" />
        <added pattern="ch.e3ag.dlp.mpr.fetcher.PowerShellMock.Account.map(session,q,recType,recCount)" />
      </blacklist>
    </blacklists>
  </component>
</application>