<application>
  <component name="DependencyUISettings">
    <option name="UI_FLATTEN_PACKAGES" value="false" />
    <option name="SCOPE_TYPE" value="file" />
  </component>
  <component name="UISettings">
    <option name="HIDE_TOOL_STRIPES" value="false" />
    <option name="SHOW_MAIN_TOOLBAR" value="true" />
    <option name="HIDE_TABS_IF_NEED" value="false" />
    <option name="MAX_LOOKUP_LIST_HEIGHT" value="13" />
    <option name="MARK_MODIFIED_TABS_WITH_ASTERISK" value="true" />
  </component>
</application>